Action,Time,ISIN,Ticker,Name,Notes,ID,No. of shares,Price / share,Currency (Price / share),Exchange rate,Result (EUR),Total (EUR),Withholding tax,Currency (Withholding tax),Charge amount (EUR),Currency conversion fee (EUR)
Deposit,2024-01-05 09:00:00,,,,,DEP1,,,,,,,5000.00,,,
Market buy,2024-01-10 15:31:02,US0378331005,AAPL,Apple Inc,,BUY1,10.0000000000,185.0000000000,USD,0.92000000,,2010.87,,,2.15,1.80
Market buy,2024-03-04 10:12:44,IE00BK5BQT80,VWCE,Vanguard FTSE All-World,,BUY2,8.0000000000,118.5000000000,EUR,1.00000000,,948.00,,,
Market buy,2024-06-18 14:05:10,US0378331005,AAPL,Apple Inc,,BUY3,5.0000000000,210.0000000000,USD,0.93000000,,1129.03,,,0.90
Market buy,2024-09-02 09:22:11,GB00B03MLX29,SHEL,Shell PLC,,BUY4,20.0000000000,2650.0000000000,GBX,1.17000000,,453.00,,,
Market sell,2025-02-14 16:01:33,US0378331005,AAPL,Apple Inc,,SELL1,12.0000000000,240.0000000000,USD,0.91000000,412.50,2637.36,,,1.10
Dividend (Ordinary),2025-05-16 00:05:00,US0378331005,AAPL,Apple Inc,,DIV1,3.0000000000,0.2500000000,USD,0.91000000,,0.64,0.11,USD
Dividend (Ordinary),2025-03-20 00:05:00,IE00BK5BQT80,VWCE,Vanguard FTSE All-World,,DIV2,8.0000000000,0.4200000000,EUR,1.00000000,,3.36,,,
Interest on cash,2025-06-30 00:05:53,,,,"Interest on cash",INT1,,,,,,,4.80,,,
Market sell,2025-08-21 11:40:00,GB00B03MLX29,SHEL,Shell PLC,,SELL2,20.0000000000,2780.0000000000,GBX,1.18000000,38.20,472.60,,,
Market buy,2025-11-03 13:15:00,US67066G1040,NVDA,NVIDIA Corp,,BUY5,2.0000000000,140.0000000000,USD,0.92000000,,304.35,,,
